Maths,Physics,English,Economics,Biology
78,92,73,30,80
11,59,12,87,68
43,10,85,87,64
59,58,59,36,14
68,63,37,42,93
26,93,88,92,13
16,84,37,57,47
30,22,95,86,83
46,45,82,58,93
16,16,95,84,50
46,10,47,60,75
72,71,23,29,54
15,89,58,44,52
74,57,76,90,42
23,11,14,71,88
96,40,17,21,92
78,56,26,18,62
28,51,97,71,73
66,74,21,34,39
88,42,63,33,78
24,45,97,33,28
94,98,28,87,57
41,68,39,70,30
24,95,97,79,60
26,25,49,43,34
64,24,25,72,67
83,39,24,38,60
16,22,84,83,83
14,14,84,75,31
57,14,46,65,87
Maths,Physics,English,Economics,Biology
76,67,49,58,64
97,15,55,98,14
40,35,19,16,99
73,32,13,18,74
30,38,91,62,82
22,41,13,43,89
31,15,79,94,94
70,12,41,33,52
71,93,11,44,65
96,27,85,90,17
78,76,57,93,13
17,74,38,21,67
13,99,66,12,96
67,35,39,46,64
41,90,97,42,80
31,90,49,22,10
74,90,81,53,76
73,95,66,84,72
61,35,21,90,72
44,65,36,30,41
21,78,34,94,65
69,15,18,82,96
54,16,89,67,90
33,66,86,88,53
38,43,14,57,43
94,63,97,93,41
93,16,95,64,35
88,41,54,21,99
51,82,17,57,82
79,95,56,21,38
Maths,Physics,English,Economics,Biology
95,91,78,53,57
56,65,63,41,96
36,88,18,19,71
77,48,25,82,72
59,88,33,16,59
96,33,90,90,79
80,82,94,32,48
28,38,51,25,24
63,88,28,75,53
21,72,34,72,62
58,89,41,71,54
28,22,28,69,79
82,31,80,96,97
80,78,67,17,85
93,44,98,80,57
87,38,99,87,50
68,30,60,78,84
80,93,55,62,63
53,62,92,84,35
68,41,67,37,96
29,61,74,35,66
58,27,84,49,57
32,87,60,24,46
67,21,17,46,75
94,37,90,23,20
61,93,33,70,99
47,87,87,78,14
23,98,92,93,24
98,89,81,75,59
31,32,56,52,17
Maths,Physics,English,Economics,Biology
80,31,29,56,17
78,52,43,69,73
26,74,40,70,66
21,63,13,94,81
27,62,99,99,86
12,78,76,86,89
37,46,36,28,22
46,83,93,96,55
56,73,55,32,68
12,92,19,49,39
40,22,55,57,23
35,61,15,37,30
35,19,36,50,41
42,92,85,33,58
39,66,16,12,51
44,33,34,23,75
98,61,25,25,47
48,88,60,81,79
92,37,28,64,62
49,53,45,30,10
85,90,29,77,72
15,47,97,73,56
89,70,68,50,34
86,22,27,57,43
98,56,62,99,92
10,57,25,74,87
51,11,71,24,93
49,20,42,40,58
32,82,78,28,89
17,59,13,40,28
Maths,Physics,English,Economics,Biology
82,17,89,32,68
73,18,62,99,48
65,97,26,86,85
46,95,16,39,65
61,17,29,30,82
54,55,69,71,77
27,65,39,79,89
88,45,64,98,82
14,74,73,65,24
18,77,73,34,71
13,73,21,17,16
19,15,42,98,67
54,19,89,11,65
71,69,26,40,96
13,34,82,61,57
97,69,35,16,13
12,90,52,71,50
46,65,78,95,65
82,67,88,15,92
61,19,51,16,75
21,79,23,16,64
74,74,12,44,77
81,85,10,44,20
95,36,85,62,89
79,32,19,41,35
64,34,23,87,94
38,53,91,40,11
35,19,22,35,97
53,74,27,70,86
91,36,22,28,78
Maths,Physics,English,Economics,Biology
98,62,71,35,76
92,93,12,90,19
26,20,67,19,77
72,18,20,52,97
72,55,98,26,22
10,13,67,37,10
51,39,89,81,45
88,10,33,43,41
56,23,60,90,79
93,58,77,92,87
55,14,16,79,84
90,49,83,24,40
60,84,61,46,22
94,96,82,10,27
40,57,18,23,64
56,48,35,77,60
84,56,96,33,52
69,27,58,15,35
68,18,51,27,58
58,63,96,23,87
82,10,87,54,39
43,18,77,97,41
73,23,38,39,45
86,46,62,10,50
17,96,25,11,90
15,69,25,98,45
11,71,31,60,77
73,69,33,30,97
63,25,88,67,81
88,11,62,56,53
Maths,Physics,English,Economics,Biology
27,77,48,78,34
85,38,33,52,63
97,38,42,78,62
75,12,65,66,40
21,18,11,82,83
96,83,37,43,11
70,56,18,65,42
19,12,90,12,56
16,84,31,44,60
81,35,12,87,50
51,36,42,90,39
67,63,75,34,74
47,81,95,17,88
46,37,94,50,43
37,67,44,74,61
39,94,78,64,85
18,65,23,17,24
27,80,31,21,58
30,62,55,68,73
21,32,20,79,21
36,56,66,27,42
62,60,91,85,56
62,86,83,27,11
91,80,76,39,41
94,62,40,59,91
66,49,55,72,81
98,80,88,13,37
15,16,28,43,29
35,11,12,59,59
74,85,86,88,57
Maths,Physics,English,Economics,Biology
82,13,53,37,38
83,63,73,78,18
57,23,61,70,91
53,90,19,65,82
80,14,83,13,82
57,80,19,35,29
94,42,71,94,37
50,88,57,66,57
20,52,17,89,93
14,23,71,13,75
52,58,92,55,56
49,72,37,29,29
44,55,75,43,46
36,94,69,43,82
60,32,29,87,92
66,51,18,64,59
61,93,94,23,14
25,66,62,56,47
53,64,24,33,23
99,37,78,72,85
25,79,88,83,22
30,30,48,73,45
55,37,67,26,99
53,90,87,38,14
69,44,14,53,50
32,57,85,14,66
94,28,79,81,41
36,90,43,73,21
94,19,25,42,65
94,22,94,63,97
Maths,Physics,English,Economics,Biology
91,61,30,86,60
55,17,25,27,42
90,53,73,50,97
24,57,96,54,49
68,86,82,73,62
71,19,76,13,23
33,24,77,54,81
13,61,89,70,45
97,77,29,16,70
65,31,99,76,55
22,50,18,15,19
22,30,73,92,14
30,35,95,95,24
98,33,53,61,10
21,72,88,84,71
79,95,95,55,55
86,71,61,20,99
62,59,21,78,80
29,71,91,27,82
36,62,25,98,94
62,14,43,38,61
25,55,52,14,67
19,72,17,91,88
76,19,48,50,61
89,56,83,89,78
37,47,61,93,98
13,12,15,31,54
25,30,86,12,57
91,22,27,89,24
21,89,86,99,73
Maths,Physics,English,Economics,Biology
17,25,37,85,45
45,36,85,83,87
54,62,96,48,35
89,92,34,87,50
75,12,40,49,48
18,75,55,30,93
47,63,44,67,42
29,68,17,34,21
45,24,83,53,30
91,22,80,76,75
79,27,17,43,93
42,62,94,32,42
69,51,56,53,81
61,91,92,11,75
10,71,87,28,91
97,11,25,63,47
54,18,46,55,65
50,16,76,19,99
97,51,32,44,71
48,98,15,25,99
31,68,35,63,86
59,88,44,73,63
94,96,58,45,20
13,22,61,20,72
34,75,82,51,30
67,86,64,87,70
51,79,73,39,22
75,42,96,10,28
88,42,75,63,36
97,99,58,71,79
Maths,Physics,English,Economics,Biology
36,24,10,73,84
68,79,13,42,28
97,21,51,80,85
36,46,40,76,43
30,28,39,19,80
29,56,49,58,46
86,96,64,40,71
70,32,16,89,26
55,73,37,65,67
15,62,29,98,25
36,18,89,17,38
56,65,72,34,73
64,93,29,22,59
30,90,77,63,36
99,32,32,35,11
80,13,12,21,65
11,35,33,26,87
70,82,74,35,94
29,74,87,80,86
23,86,81,67,59
76,32,66,74,17
99,25,91,54,74
56,78,26,90,80
54,89,95,72,24
78,81,94,15,23
84,54,92,99,25
23,65,88,16,49
10,39,68,26,79
50,14,85,66,22
92,62,89,77,80
Maths,Physics,English,Economics,Biology
85,92,63,17,48
80,60,40,46,10
76,73,77,98,51
86,45,18,24,56
32,34,50,97,64
93,50,49,93,85
19,19,69,22,61
65,75,19,15,59
79,48,55,18,58
83,18,20,23,47
72,22,91,14,89
30,51,26,82,18
90,38,42,73,81
81,27,43,87,25
68,39,29,36,35
28,37,21,71,67
34,63,10,66,90
71,66,69,96,54
88,85,28,59,10
42,13,36,35,78
77,52,42,32,48
74,28,84,34,57
39,15,72,29,61
18,59,59,30,78
18,72,18,59,66
30,71,43,34,35
22,98,58,99,54
56,65,28,57,12
32,28,40,86,95
86,64,89,78,82
Maths,Physics,English,Economics,Biology
58,33,91,39,28
15,62,50,13,99
55,99,62,51,60
59,97,91,18,96
11,19,97,89,41
39,55,12,88,40
60,10,43,86,66
67,16,60,99,50
13,96,38,89,17
54,46,28,19,41
32,54,83,17,59
94,60,19,62,32
53,79,78,81,70
38,32,94,54,62
95,98,55,65,78
67,38,44,43,25
25,88,19,14,49
44,46,59,49,19
27,29,45,42,65
36,80,85,64,25
21,58,14,39,95
53,23,25,16,15
92,50,97,64,92
12,79,76,14,24
97,54,64,77,39
58,57,44,31,59
61,16,28,92,18
27,15,30,66,87
37,30,33,69,94
59,27,40,21,29
Maths,Physics,English,Economics,Biology
69,33,26,31,43
74,56,81,67,27
99,72,54,48,10
72,15,60,21,41
30,82,66,55,62
56,49,70,85,48
34,73,14,37,88
42,74,86,21,55
12,59,68,74,64
24,73,26,54,94
69,49,47,58,64
56,42,90,65,64
53,64,11,20,28
89,24,84,95,22
56,43,39,83,56
81,82,31,65,50
58,29,15,94,40
73,44,57,18,25
67,64,52,81,35
33,96,45,49,45
21,63,68,82,14
89,34,22,90,69
37,80,92,40,84
22,41,27,33,87
52,75,38,25,73
54,33,74,53,28
70,83,28,49,54
49,58,16,23,76
11,29,21,25,74
15,72,97,11,83
Maths,Physics,English,Economics,Biology
59,65,88,29,79
77,46,53,22,86
45,23,38,50,15
52,86,98,81,74
43,38,46,77,37
17,10,54,17,42
55,50,38,83,55
75,25,13,73,35
56,33,43,51,71
93,49,79,30,85
17,63,95,36,40
41,72,82,30,41
99,90,69,80,57
18,62,40,64,34
22,58,24,52,75
64,89,13,81,13
31,15,52,91,66
86,77,51,35,12
17,95,59,69,62
90,15,70,84,19
91,77,51,21,21
87,26,14,50,69
68,86,60,20,52
51,60,55,70,55
22,97,99,52,99
31,23,85,66,28
62,16,13,78,80
55,72,21,13,99
51,18,72,67,33
40,76,99,15,58
Maths,Physics,English,Economics,Biology
47,71,15,55,57
70,27,17,43,17
34,21,86,59,64
82,28,64,47,75
17,97,96,67,86
89,27,15,67,73
12,51,29,64,77
30,33,23,83,14
26,90,93,43,53
46,47,71,82,32
28,85,94,93,21
28,72,47,92,63
90,91,94,40,47
34,14,42,35,81
77,12,93,71,21
76,30,37,17,17
48,97,67,64,56
54,84,94,11,45
55,81,46,10,48
38,54,74,18,34
66,42,91,14,52
80,55,40,91,46
48,11,28,24,28
38,80,26,23,32
72,14,92,40,74
94,95,77,12,56
79,40,74,23,40
30,90,57,87,61
13,12,99,49,91
48,50,41,72,90
Maths,Physics,English,Economics,Biology
19,57,84,14,41
20,45,37,56,28
82,38,53,36,66
54,43,25,40,94
49,38,85,18,60
63,76,40,61,40
70,74,71,21,77
39,54,68,47,33
98,64,38,70,45
19,21,43,76,45
28,79,61,35,60
87,30,97,50,10
66,56,73,62,61
72,42,30,20,22
17,36,10,73,48
32,98,91,59,95
80,15,88,56,28
14,26,86,51,35
53,19,34,36,53
67,62,24,25,92
91,14,15,82,18
83,83,65,12,59
68,85,70,81,84
87,90,21,88,16
47,28,37,46,77
94,76,78,42,10
77,56,62,52,99
86,30,73,73,61
85,47,16,77,13
87,31,34,85,79
Maths,Physics,English,Economics,Biology
19,50,25,43,80
30,94,15,54,72
54,18,44,82,35
89,51,17,53,83
95,89,69,63,21
70,85,36,19,75
91,44,10,78,99
32,40,65,85,91
96,55,67,38,38
98,35,71,31,40
36,74,95,45,38
81,51,81,79,72
58,90,99,26,53
65,99,61,28,58
63,46,32,53,73
49,27,58,54,76
76,24,55,59,33
17,68,44,15,52
54,59,78,86,50
79,90,31,26,40
68,63,72,25,36
53,75,62,49,29
96,16,71,90,58
92,53,21,55,59
17,96,32,88,56
16,60,16,97,21
92,80,30,96,90
29,81,56,78,77
79,83,62,55,14
81,17,27,71,38
Maths,Physics,English,Economics,Biology
23,48,18,94,63
99,74,35,84,67
94,98,25,45,17
72,28,85,32,99
19,27,76,98,63
66,11,55,61,43
35,29,29,61,96
46,42,12,53,63
16,83,29,72,10
81,19,14,85,51
16,20,98,26,30
42,86,98,23,78
95,52,65,21,19
27,23,58,80,25
46,87,44,93,30
69,21,44,12,31
90,70,36,97,81
75,32,65,70,60
19,21,84,28,94
95,46,86,96,44
82,33,15,85,61
99,33,64,49,18
44,26,88,79,92
84,51,59,69,83
99,47,77,55,42
28,29,88,49,90
68,32,83,79,60
63,45,43,50,27
95,91,56,90,36
20,64,44,78,77
Maths,Physics,English,Economics,Biology
78,10,56,63,15
54,89,90,70,65
34,49,97,66,76
38,54,64,59,44
49,47,72,88,61
30,57,60,26,73
71,87,83,66,44
72,14,29,15,85
37,86,92,43,60
73,43,62,99,32
24,69,49,24,21
50,86,41,38,94
21,55,30,19,21
84,93,61,56,62
73,68,18,28,40
68,70,41,22,99
43,55,74,82,68
35,51,92,87,63
62,80,13,37,76
39,40,41,31,54
86,18,65,84,80
91,91,69,88,68
41,89,59,94,70
45,98,65,99,32
18,64,11,14,15
23,11,51,87,64
61,13,99,87,29
18,55,64,42,40
43,53,26,22,53
68,34,63,84,51
Maths,Physics,English,Economics,Biology
20,17,93,21,93
67,95,79,87,47
18,18,63,76,72
25,11,48,68,12
89,11,87,99,24
32,53,77,16,16
19,64,95,36,37
18,13,65,48,27
75,89,26,79,84
88,32,86,36,67
63,12,11,35,81
35,43,59,34,40
90,92,70,91,97
98,39,94,35,92
84,26,94,20,13
97,60,82,95,90
90,97,29,86,68
60,25,60,53,53
36,28,38,91,14
72,24,86,96,58
44,85,47,51,25
99,77,23,88,48
42,58,34,68,55
53,33,67,83,48
86,75,89,80,15
77,10,13,98,50
51,84,41,51,32
38,40,52,80,62
32,12,22,36,74
29,75,93,96,53
Maths,Physics,English,Economics,Biology
69,50,98,83,81
18,57,92,42,34
53,71,71,63,17
90,28,61,39,33
45,30,57,18,79
35,71,90,94,85
36,48,81,14,80
91,48,25,15,40
84,18,83,93,17
62,98,80,75,26
56,19,14,64,99
86,20,14,62,83
34,99,69,46,61
30,12,40,30,93
71,20,53,34,22
36,21,15,49,58
63,65,35,29,60
63,94,39,41,48
15,60,21,47,54
15,17,74,19,92
47,91,96,71,59
98,78,24,56,11
52,30,67,16,62
55,83,92,48,88
69,30,52,30,95
53,88,11,92,34
36,25,22,17,17
68,57,50,98,11
78,33,58,73,26
52,18,38,19,50
Maths,Physics,English,Economics,Biology
51,74,59,32,58
60,19,73,58,85
87,29,61,86,82
54,42,90,90,98
41,15,85,83,50
18,79,61,83,12
16,62,92,93,37
59,76,92,14,82
52,26,36,70,91
93,43,82,30,41
44,90,79,75,66
15,25,29,66,25
84,99,54,85,14
20,34,19,41,78
56,12,52,94,50
61,86,73,21,56
28,57,38,87,32
93,38,60,62,18
66,96,86,77,25
73,43,93,36,25
26,17,37,24,61
77,87,79,68,33
38,34,12,33,52
99,55,12,86,77
83,94,71,87,47
28,91,52,32,52
21,85,12,41,25
66,90,83,75,68
23,18,70,60,56
25,42,30,12,77
Maths,Physics,English,Economics,Biology
30,24,58,44,69
25,60,52,93,50
71,42,66,23,17
12,84,81,11,95
54,17,93,93,63
70,83,56,40,71
73,70,50,29,89
62,97,52,56,97
33,68,80,21,74
30,32,24,33,57
61,18,61,59,66
48,54,23,78,80
55,52,91,86,65
91,59,75,15,39
94,65,46,70,39
43,90,72,49,10
68,59,21,87,86
93,32,94,24,90
94,59,20,87,64
74,21,78,67,56
59,51,60,22,78
14,92,79,42,58
38,93,44,22,72
68,35,28,41,97
52,54,55,59,32
38,73,85,42,54
89,28,31,95,53
43,26,32,56,17
15,29,61,73,23
48,27,58,47,56
Maths,Physics,English,Economics,Biology
37,30,96,78,71
26,23,82,13,75
46,43,52,46,64
33,51,63,46,51
20,75,72,45,20
13,79,23,46,84
76,59,36,68,41
35,67,35,82,96
46,49,38,76,45
83,39,12,92,81
13,67,31,63,16
88,40,87,70,60
51,22,14,32,76
70,43,75,29,41
95,16,78,51,81
55,36,20,38,32
49,71,94,81,13
60,43,22,96,57
85,76,62,54,43
56,78,98,49,48
57,71,69,43,81
94,84,17,46,40
61,75,75,41,25
68,86,38,55,42
88,81,53,16,48
89,31,64,32,14
57,60,23,19,22
97,59,10,75,57
70,16,60,34,52
81,56,43,57,48
Maths,Physics,English,Economics,Biology
59,21,51,36,80
53,88,21,43,78
45,58,80,40,54
57,57,19,76,30
51,98,52,66,78
19,55,74,56,48
36,65,86,13,42
72,50,36,49,74
94,67,29,97,87
10,72,94,25,35
39,24,34,93,17
30,51,79,88,94
26,40,41,56,71
94,14,12,37,31
38,36,43,34,99
65,45,15,46,43
41,46,37,92,38
47,84,42,25,17
40,40,81,18,88
33,60,38,35,20
65,10,54,24,35
44,83,12,50,63
28,40,92,70,74
97,16,44,81,39
38,84,84,52,55
62,51,22,58,34
76,24,44,29,16
47,77,51,77,30
25,89,27,16,33
38,26,60,22,25
Maths,Physics,English,Economics,Biology
50,65,64,74,27
56,40,70,88,77
28,75,17,42,46
60,30,37,15,76
61,43,26,35,44
81,13,59,34,64
73,87,94,43,78
32,65,82,90,81
99,85,21,14,84
78,34,36,13,18
90,86,36,11,12
25,84,89,87,77
59,59,76,59,30
44,23,98,62,31
82,88,46,22,33
87,60,52,47,54
48,83,21,20,91
57,21,73,68,30
34,51,61,17,36
47,74,12,99,56
89,93,41,98,54
52,67,89,88,47
68,18,98,88,64
25,10,37,35,82
93,83,78,55,13
96,79,46,43,88
54,89,64,99,16
40,31,57,95,62
59,14,87,60,18
63,39,72,94,40
Maths,Physics,English,Economics,Biology
81,44,77,52,39
46,15,55,58,13
19,68,54,14,26
40,71,13,82,42
40,19,86,64,65
37,22,68,34,64
22,59,90,51,99
48,52,26,96,68
85,68,70,63,37
18,66,38,17,16
14,25,12,59,52
44,19,48,82,94
38,22,64,87,95
36,36,90,99,53
25,13,91,56,87
85,20,64,36,72
66,88,59,36,88
58,80,32,78,30
42,70,19,33,78
39,12,32,40,51
15,51,78,94,62
91,50,66,84,50
86,84,47,19,43
48,38,41,94,70
22,74,19,14,51
65,75,75,69,37
72,43,68,59,65
37,82,82,20,71
75,53,78,71,98
85,12,23,84,83
Maths,Physics,English,Economics,Biology
30,95,24,80,52
13,50,94,60,54
77,86,15,19,96
71,91,29,19,20
59,39,97,32,79
14,52,17,64,82
85,55,61,97,56
24,31,38,26,31
70,76,45,32,62
56,77,30,90,50
60,70,40,39,40
75,41,15,53,20
88,82,59,79,16
36,73,61,57,77
96,89,74,80,66
36,88,90,11,42
36,59,87,46,71
32,23,62,31,17
32,17,69,88,16
50,85,73,77,51
94,17,95,34,42
18,99,52,58,36
76,86,46,89,95
51,20,85,40,43
84,77,34,51,46
97,48,94,21,36
78,13,79,56,35
98,15,54,92,68
24,74,35,60,16
40,23,69,41,25
Maths,Physics,English,Economics,Biology
86,95,36,72,69
56,49,17,88,46
17,69,66,17,91
46,31,86,39,79
90,48,87,48,73
15,69,46,99,57
72,52,61,55,12
24,12,77,15,29
68,30,55,13,49
62,61,42,84,88
95,26,16,84,88
72,73,78,18,71
97,55,92,23,63
29,59,75,50,51
68,77,62,76,23
18,29,34,27,18
83,36,76,81,85
84,72,75,37,18
35,90,82,78,34
92,83,60,35,54
65,50,13,35,27
76,82,99,19,39
61,90,13,42,24
98,34,92,72,56
73,73,84,30,19
56,83,64,74,31
41,99,33,85,84
31,44,95,55,20
80,71,22,61,20
53,44,71,81,26
Maths,Physics,English,Economics,Biology
65,72,57,53,30
78,80,24,84,42
80,96,85,32,39
31,12,35,96,42
60,13,19,71,50
67,27,77,39,79
74,24,44,77,25
57,75,66,98,62
39,84,20,31,26
60,66,63,38,40
41,90,10,38,61
40,14,18,50,77
79,63,31,57,16
42,24,10,11,81
78,31,55,47,48
61,61,26,91,31
69,29,34,75,95
21,98,64,91,12
69,99,42,35,80
49,76,28,90,42
17,53,68,98,10
33,22,96,91,96
13,54,95,73,35
12,24,40,83,45
66,30,59,41,54
52,50,22,91,62
25,55,83,12,55
38,61,36,13,43
23,26,74,80,40
61,52,16,98,46
Maths,Physics,English,Economics,Biology
22,44,89,78,80
83,41,88,40,54
49,75,22,54,40
44,99,45,10,98
67,96,46,19,68
21,58,52,97,40
65,14,49,32,10
62,36,47,81,82
84,81,98,19,49
10,15,18,89,94
83,33,65,61,66
63,17,89,41,85
90,38,29,80,81
72,39,58,92,28
46,76,44,55,69
91,28,72,54,75
87,47,81,27,66
46,42,86,68,58
70,43,74,52,83
31,68,54,25,19
18,22,70,70,57
24,46,42,45,14
60,39,91,10,25
68,38,96,26,35
63,88,54,67,48
74,65,55,12,38
59,69,68,91,94
85,22,67,65,78
86,89,85,83,53
91,37,63,53,49
Maths,Physics,English,Economics,Biology
83,16,87,64,29
36,48,24,71,15
97,79,40,46,36
50,98,83,21,58
25,59,42,68,95
63,94,96,18,66
88,38,45,47,48
91,49,22,54,65
31,74,64,76,84
67,64,14,90,59
96,79,36,75,72
48,99,79,83,91
13,37,52,63,41
88,82,51,44,52
89,32,36,91,97
27,76,35,28,91
17,65,29,93,81
50,82,23,28,65
48,22,86,31,68
85,60,63,36,73
94,45,95,62,17
22,30,38,82,74
95,57,94,88,91
34,14,96,33,23
52,21,94,61,31
36,63,93,51,43
40,70,17,45,20
99,10,16,23,48
88,92,81,15,18
38,82,50,16,55
Maths,Physics,English,Economics,Biology
81,23,92,58,79
37,20,26,54,82
34,93,41,46,58
37,33,80,49,61
25,20,55,36,34
14,37,38,69,86
16,90,75,98,43
32,26,90,55,61
71,86,31,80,75
91,58,51,97,64
89,99,70,77,89
52,89,25,27,52
57,53,64,23,63
76,73,75,84,38
75,98,10,30,32
36,28,16,78,52
58,51,99,66,26
73,35,64,65,16
88,31,13,30,86
11,22,17,55,88
64,59,46,44,87
76,69,84,70,62
33,47,70,99,12
42,83,31,32,61
83,11,81,71,26
59,48,58,57,42
85,92,93,78,67
90,16,90,98,24
34,11,81,52,68
58,23,23,25,41
Maths,Physics,English,Economics,Biology
24,90,55,56,53
54,89,97,82,92
89,98,94,39,63
85,80,64,58,39
26,34,27,39,48
62,92,86,74,15
65,19,51,34,23
49,12,89,13,77
70,78,43,20,84
38,58,77,82,81
96,86,77,66,83
63,17,93,33,86
31,69,36,52,90
74,13,72,46,74
70,54,38,13,28
74,84,96,96,30
72,38,95,64,17
75,25,84,89,39
95,94,76,72,16
46,57,64,91,15
67,98,83,68,45
10,95,59,12,75
48,52,42,81,17
80,54,90,88,62
34,60,67,99,31
75,75,38,60,31
51,53,64,54,29
47,38,53,97,36
51,74,45,58,18
26,15,27,91,52
Maths,Physics,English,Economics,Biology
64,25,66,90,86
66,35,85,75,75
76,61,30,97,68
72,85,67,57,47
55,16,53,17,10
82,92,22,74,28
70,78,83,10,90
87,28,63,87,57
12,47,45,76,94
82,16,71,39,64
38,52,59,21,11
86,70,80,26,45
55,42,92,37,83
77,70,79,20,83
22,57,45,82,87
78,63,17,44,82
10,32,93,83,85
18,34,49,94,52
76,76,85,21,21
60,58,98,86,67
47,81,44,20,32
96,14,44,18,39
64,79,25,98,92
54,18,77,32,48
58,32,68,11,43
90,27,56,15,96
67,60,54,83,49
93,80,65,29,13
92,43,95,28,18
21,35,69,12,47
Maths,Physics,English,Economics,Biology
85,96,42,49,52
98,71,98,32,12
47,72,66,24,64
15,38,61,61,71
54,72,32,51,99
13,89,32,25,92
81,38,96,93,64
63,76,71,31,31
76,17,72,54,80
36,68,27,48,74
80,16,22,86,69
68,27,20,58,13
46,94,18,29,93
17,87,69,73,32
82,85,97,78,41
97,15,52,69,77
39,42,59,37,39
51,22,44,22,55
16,21,92,21,82
75,48,78,96,68
16,59,16,40,89
49,19,87,69,26
25,32,93,84,27
80,57,84,57,59
25,98,15,10,40
22,74,78,37,31
65,91,53,49,88
39,16,75,70,53
31,69,34,62,84
45,28,26,54,23
Maths,Physics,English,Economics,Biology
68,96,50,80,26
27,53,40,17,47
94,89,85,29,99
89,83,23,58,94
38,25,14,90,44
23,34,88,13,25
29,97,48,13,69
52,23,43,66,75
15,93,43,28,74
66,24,19,68,30
87,31,10,92,72
79,24,53,73,62
22,73,66,47,31
39,58,49,68,93
68,57,45,71,14
61,27,61,77,49
10,10,10,22,54
57,62,97,36,35
19,62,41,24,49
60,75,94,31,65
55,85,38,75,78
56,60,71,65,88
91,22,49,84,26
30,82,37,77,58
95,45,34,49,58
53,42,80,19,73
97,53,35,63,73
64,59,79,63,82
19,27,63,13,95
17,87,66,64,77
Maths,Physics,English,Economics,Biology
96,46,71,46,53
96,98,44,38,24
72,90,60,76,44
92,93,46,17,66
28,55,75,77,94
68,50,11,61,16
64,78,89,33,28
81,40,97,28,40
21,60,37,79,33
85,14,17,55,40
73,12,26,99,58
76,62,35,44,15
11,91,70,26,97
86,22,33,68,81
30,29,57,26,38
70,79,19,90,98
13,24,31,76,86
30,78,81,27,86
26,12,42,91,32
23,66,14,20,29
18,55,82,34,67
93,83,72,79,46
36,31,93,21,14
83,56,33,47,56
19,76,56,61,47
64,15,19,87,56
28,37,62,47,51
74,68,62,25,30
20,87,14,90,33
74,21,65,21,10
Maths,Physics,English,Economics,Biology
33,79,12,42,98
67,64,62,29,61
97,85,66,60,75
54,96,92,90,15
14,74,55,35,62
35,30,30,91,22
12,12,76,84,90
22,89,77,78,12
96,66,16,57,49
55,11,41,10,34
32,39,94,75,32
51,26,28,18,55
96,23,80,82,10
91,79,23,93,91
91,64,48,96,92
76,50,41,28,46
18,88,43,32,14
34,55,65,17,28
49,15,21,58,92
97,46,85,43,58
89,45,56,27,44
91,82,24,41,54
79,75,43,24,44
19,28,21,73,25
43,92,38,26,63
75,87,22,60,24
49,68,80,88,90
78,32,23,76,45
71,40,96,51,84
45,32,66,47,54
Maths,Physics,English,Economics,Biology
61,32,73,63,72
58,54,38,95,15
46,28,94,26,10
89,17,98,62,53
99,52,65,80,50
85,16,99,24,47
91,11,47,20,36
47,37,17,63,36
50,11,36,45,50
65,59,65,56,92
38,26,21,29,74
99,73,97,89,30
65,42,52,55,63
94,15,20,95,95
49,52,79,62,19
84,73,25,43,44
58,24,80,66,65
85,39,20,62,43
52,78,28,78,85
78,53,59,50,64
47,98,38,72,38
50,76,74,56,76
45,58,47,23,60
19,57,83,76,99
35,26,21,93,64
23,94,79,69,15
26,74,39,11,10
73,76,67,54,90
78,26,37,42,47
34,41,45,39,34
Maths,Physics,English,Economics,Biology
74,96,96,78,13
25,13,64,38,20
70,14,34,79,16
47,34,68,67,69
39,61,80,43,94
69,37,34,40,77
31,67,23,22,49
58,75,87,80,86
51,44,97,15,17
94,10,97,64,69
11,98,10,28,37
61,86,45,35,48
78,53,22,73,34
55,26,56,38,94
49,75,46,65,13
28,68,76,97,31
25,68,12,18,12
28,59,54,80,43
19,42,26,16,11
16,45,72,64,21
24,30,50,58,44
22,53,81,42,13
78,54,14,39,40
77,73,48,19,56
65,86,50,90,83
38,24,27,46,74
58,29,50,63,37
39,36,63,57,10
20,91,93,66,80
49,74,77,10,57
Maths,Physics,English,Economics,Biology
87,45,54,93,96
77,30,96,52,40
70,13,19,31,37
89,56,28,29,72
62,71,82,60,17
90,77,17,62,74
12,97,35,37,81
98,85,94,57,95
18,67,81,90,86
91,16,70,45,57
96,37,90,68,63
12,20,58,92,90
42,43,88,85,64
23,15,98,76,80
36,38,90,61,53
59,22,54,33,65
65,90,88,54,45
28,85,77,52,62
81,69,87,90,90
93,85,31,74,26
73,80,27,95,17
23,70,67,44,39
41,17,87,79,37
82,35,17,33,67
95,63,41,14,72
21,69,59,38,43
73,33,45,30,11
97,44,89,57,50
83,80,28,65,61
27,62,92,52,27
Maths,Physics,English,Economics,Biology
59,65,11,97,45
88,52,55,80,38
95,47,44,72,21
83,62,22,88,93
90,78,56,29,45
69,10,73,89,48
28,58,23,28,65
59,29,57,33,27
64,60,53,67,80
71,64,23,12,65
86,26,96,37,83
30,50,19,26,32
36,16,12,21,30
26,46,87,46,41
46,18,61,19,98
96,25,46,37,17
80,87,30,31,56
99,83,49,35,46
72,96,18,79,39
79,27,37,53,61
50,17,83,89,84
16,47,20,80,22
73,65,57,42,55
19,77,99,86,99
23,27,61,24,11
65,85,52,79,96
26,24,29,77,20
15,23,39,66,95
63,66,59,27,79
73,66,46,30,28
Maths,Physics,English,Economics,Biology
90,24,12,24,69
35,56,72,97,86
26,11,57,47,14
40,18,21,51,53
13,47,89,97,67
51,75,51,44,24
48,99,82,98,41
60,78,88,67,20
14,51,74,36,50
30,56,33,80,80
77,31,84,76,96
29,14,63,30,57
79,17,87,21,11
57,31,27,70,85
20,52,12,50,89
88,75,86,96,82
43,55,21,19,77
48,75,40,21,90
32,38,88,52,57
57,70,11,50,23
65,94,34,35,91
83,89,61,26,30
60,58,23,94,32
36,71,61,52,64
65,81,81,31,40
36,42,44,16,74
68,13,31,20,55
72,70,71,33,13
94,57,53,10,41
56,17,34,41,92
Maths,Physics,English,Economics,Biology
95,62,25,70,85
30,94,72,63,26
64,35,45,78,39
64,72,22,75,47
73,15,40,74,95
59,57,21,71,87
83,61,85,13,36
38,44,22,28,80
34,42,22,81,90
76,29,56,89,24
23,75,73,59,11
42,92,94,23,16
68,39,18,11,87
16,26,14,31,47
72,31,52,69,12
91,74,24,18,42
48,26,70,37,56
76,17,97,43,61
22,99,37,30,64
65,31,89,98,94
62,79,54,27,59
83,50,25,93,68
43,97,92,84,78
59,60,38,79,30
56,18,65,45,52
35,70,50,83,58
86,26,15,97,83
38,14,90,62,70
49,22,69,18,86
89,96,45,57,81
Maths,Physics,English,Economics,Biology
71,78,76,69,25
35,23,50,59,62
39,41,92,51,97
60,83,46,83,78
84,51,19,84,87
91,32,89,12,75
99,52,60,11,50
77,46,81,64,50
51,52,23,31,74
33,40,37,53,53
18,23,29,86,66
39,11,96,63,61
41,59,60,70,80
85,81,65,97,41
14,43,25,74,36
33,97,61,12,13
54,55,57,87,72
93,71,21,37,96
95,23,63,28,21
29,32,18,35,48
74,25,41,72,13
50,35,84,86,62
29,79,57,88,28
13,92,10,31,76
23,38,44,18,60
30,41,98,65,26
35,62,78,69,25
60,31,63,95,26
53,37,43,73,83
94,91,26,32,48
Maths,Physics,English,Economics,Biology
24,73,85,16,25
27,78,13,57,59
17,60,88,78,37
39,84,95,62,89
47,39,65,37,35
44,14,56,98,45
42,61,82,74,81
95,25,25,17,90
10,52,78,39,66
35,57,56,94,98
91,77,63,85,92
86,76,63,17,48
12,44,20,21,34
35,30,59,84,32
49,46,13,65,64
53,90,67,62,33
72,95,68,72,85
20,67,83,92,30
99,15,70,44,38
74,14,11,59,45
13,46,78,16,90
67,95,23,26,44
11,93,42,47,23
55,48,18,10,57
28,55,68,54,87
99,19,39,72,66
60,95,75,88,19
30,67,13,53,51
14,19,82,24,14
62,38,87,86,99
Maths,Physics,English,Economics,Biology
50,72,10,38,43
13,25,29,35,33
71,53,99,26,50
38,27,67,52,60
38,41,78,63,98
10,32,62,78,14
24,30,58,30,94
49,51,72,36,59
97,45,20,92,77
82,38,52,72,51
60,10,36,79,85
84,51,34,77,36
94,11,47,97,90
40,62,12,58,34
95,91,58,26,17
83,80,39,39,36
28,88,34,88,86
84,38,97,39,48
84,66,56,83,28
52,51,11,17,27
27,38,34,45,84
39,14,99,34,36
62,63,10,61,55
40,56,70,23,35
25,44,79,45,90
29,50,78,27,94
29,73,12,11,72
84,33,72,73,99
45,89,89,55,94
38,55,11,90,79
Maths,Physics,English,Economics,Biology
21,95,86,80,63
15,53,10,17,27
36,41,95,99,25
36,49,31,42,24
11,80,74,36,19
76,88,99,75,16
29,10,77,36,22
26,67,53,11,93
78,73,87,31,87
48,14,78,30,64
78,77,47,59,44
68,84,13,37,71
11,16,26,77,30
97,19,84,45,88
33,73,28,90,90
65,65,16,14,75
42,81,37,56,69
91,96,39,56,46
55,67,41,87,95
46,37,85,46,62
37,55,15,91,87
43,41,69,24,93
81,79,34,16,64
11,54,43,63,79
47,50,95,20,56
39,40,11,43,28
77,44,56,79,53
80,56,98,49,97
19,35,66,31,98
18,85,20,43,92
Maths,Physics,English,Economics,Biology
14,74,31,45,89
63,46,79,56,68
99,55,48,28,30
35,35,56,48,28
80,65,17,73,58
38,59,54,11,45
52,86,48,45,68
88,18,45,89,37
58,79,78,70,14
46,34,29,83,59
34,33,71,93,71
91,68,13,28,82
98,47,51,50,28
18,62,93,91,65
30,79,26,78,16
89,90,82,24,23
66,59,49,87,78
93,82,61,26,84
44,95,63,40,88
25,37,55,39,38
96,68,13,72,88
24,46,89,64,65
56,81,96,28,33
44,27,87,42,78
18,91,69,70,30
59,33,72,27,50
97,54,94,28,38
68,17,68,43,75
88,34,98,46,46
38,11,83,56,98
Maths,Physics,English,Economics,Biology
44,74,41,78,19
26,26,42,84,55
37,18,88,64,68
75,94,36,20,43
65,37,91,84,69
54,38,74,33,66
36,20,15,49,12
35,63,88,17,10
20,44,99,72,38
67,30,35,32,71
59,24,54,51,32
54,31,19,55,74
70,21,12,97,25
65,71,54,57,31
90,67,31,61,84
46,56,73,22,80
88,52,58,22,15
53,40,10,10,64
30,16,14,77,89
54,56,36,12,44
57,41,20,27,50
77,95,22,97,67
92,91,27,81,46
74,19,15,84,95
96,89,31,47,69
33,26,45,30,67
27,56,58,30,46
12,12,57,81,25
63,98,86,57,33
98,40,35,45,98
Maths,Physics,English,Economics,Biology
74,98,53,52,21
21,58,90,58,89
59,16,91,18,85
25,97,98,73,90
61,43,91,60,69
48,78,81,59,70
13,86,41,77,74
30,89,41,10,64
27,84,90,33,62
30,24,82,43,34
93,48,92,86,52
40,12,29,12,89
59,50,62,34,70
41,57,36,93,59
63,45,78,99,41
84,99,79,11,41
19,46,27,81,65
73,35,61,68,31
16,82,99,85,55
32,77,53,60,33
11,39,14,28,74
60,23,46,65,75
50,18,88,71,52
93,63,68,19,63
79,37,53,71,32
87,87,49,12,84
21,45,56,11,34
12,39,67,83,10
99,14,26,97,93
66,47,15,12,90
Maths,Physics,English,Economics,Biology
12,28,63,61,77
47,25,86,91,20
64,85,12,36,26
17,89,57,83,53
68,55,42,99,45
64,57,16,89,30
29,72,84,44,53
44,72,95,11,29
92,41,64,61,29
14,68,62,52,90
21,74,79,32,79
76,64,10,64,84
10,76,48,43,80
14,70,11,13,20
85,52,13,35,54
52,42,20,56,38
13,81,35,65,36
49,89,98,13,13
84,81,36,16,96
93,82,22,56,38
80,82,45,55,18
95,24,81,26,97
69,99,19,22,83
61,63,83,94,35
38,81,61,33,80
42,62,76,26,45
13,17,15,18,98
91,44,64,66,93
43,60,60,61,48
67,94,73,48,46
Maths,Physics,English,Economics,Biology
80,61,13,48,57
45,64,11,14,12
52,74,72,44,39
85,47,57,82,98
77,25,72,24,94
87,85,57,46,94
72,65,23,52,77
63,87,53,59,14
34,73,77,25,79
85,24,46,57,19
16,27,91,17,44
45,87,18,76,30
41,58,31,31,86
40,56,66,16,15
81,27,67,69,53
26,78,24,22,50
33,64,28,12,28
55,63,55,95,17
44,74,87,99,68
47,12,65,87,75
78,21,90,93,43
62,87,97,74,55
40,35,80,13,83
56,82,55,36,43
65,93,14,74,80
90,19,30,62,15
43,40,48,59,97
41,99,71,61,17
66,17,71,18,13
16,16,77,75,25
Maths,Physics,English,Economics,Biology
88,93,30,87,12
79,74,91,20,42
97,69,17,74,10
62,16,42,20,26
18,78,79,74,82
42,52,15,14,81
96,14,10,65,26
56,70,88,16,64
72,93,78,20,16
68,70,44,49,65
79,70,83,81,57
20,17,87,54,54
76,51,29,12,10
68,43,80,16,83
71,76,12,66,34
88,31,47,37,78
94,58,39,90,32
37,13,85,29,72
54,63,71,57,55
70,72,36,13,20
92,44,65,76,76
21,39,41,23,30
60,44,40,89,38
52,36,89,10,50
58,55,78,19,17
59,79,33,78,21
39,94,59,45,93
14,30,15,39,93
40,88,27,71,37
29,15,86,78,38
Maths,Physics,English,Economics,Biology
98,42,99,49,52
40,54,74,34,84
32,74,18,58,39
51,82,55,72,70
31,18,62,80,86
79,85,63,65,60
34,90,72,97,46
69,66,58,58,46
74,74,62,98,13
71,92,46,22,93
72,59,83,54,75
60,34,93,70,50
80,10,96,12,40
38,35,76,55,54
72,81,86,13,18
85,38,37,51,57
43,97,83,76,45
60,43,32,30,49
43,98,16,92,19
63,93,48,27,66
27,11,92,83,38
20,97,60,39,15
59,96,39,39,18
62,57,85,89,55
76,78,31,50,84
39,93,81,13,38
91,50,41,95,44
19,75,96,33,70
80,40,26,90,40
94,70,26,77,52
Maths,Physics,English,Economics,Biology
18,27,93,69,24
10,71,93,58,92
63,46,56,75,73
53,99,86,93,19
15,95,85,98,80
68,79,71,65,23
52,53,96,11,66
94,29,50,48,59
43,23,49,32,69
13,71,21,38,97
36,14,98,73,16
64,96,42,30,92
98,44,56,73,51
82,10,48,92,80
15,53,82,22,34
63,90,53,18,11
40,84,66,68,16
16,26,74,69,72
81,58,68,11,40
36,93,70,18,32
67,23,52,41,65
38,57,14,88,40
36,14,92,32,24
47,27,61,63,67
66,34,43,30,49
33,55,20,79,94
36,53,69,40,37
87,25,75,39,89
20,42,15,59,11
51,10,31,79,84
Maths,Physics,English,Economics,Biology
36,30,14,40,33
33,75,78,80,23
56,39,91,66,29
38,50,46,50,69
68,60,65,40,85
34,50,65,70,58
13,41,66,40,35
41,48,58,14,59
86,72,17,32,81
75,76,64,27,77
18,32,44,77,82
95,21,80,87,56
94,81,59,20,34
49,69,46,22,89
54,53,59,62,66
39,79,75,87,92
18,14,28,88,24
96,60,75,18,22
32,15,16,44,59
91,34,84,56,30
26,98,89,75,75
87,48,80,17,69
42,37,52,26,74
62,56,93,30,21
12,78,78,70,65
66,85,49,70,49
39,52,20,34,54
80,51,24,32,16
36,69,55,94,87
83,35,54,84,83
Maths,Physics,English,Economics,Biology
61,88,61,99,58
40,58,89,67,91
66,33,78,68,87
14,43,30,15,44
29,38,43,47,48
31,70,21,22,65
94,78,94,92,16
47,69,25,78,58
82,99,86,52,57
69,68,90,47,61
15,32,31,82,21
89,63,58,12,29
78,30,68,35,13
65,20,70,89,73
71,75,52,88,96
40,59,19,92,36
13,67,65,15,65
96,76,37,14,20
80,87,99,22,34
55,49,28,21,89
49,32,93,26,37
18,82,71,52,15
82,72,82,98,42
17,87,22,19,35
11,68,61,51,97
56,38,79,38,74
63,37,30,52,87
18,45,85,24,96
65,79,94,78,46
67,98,82,65,39
Maths,Physics,English,Economics,Biology
24,10,44,99,12
25,38,32,23,98
53,80,75,64,26
93,33,26,60,82
61,21,48,68,30
59,92,25,29,92
78,35,96,11,71
33,49,88,29,24
80,50,52,36,95
11,71,12,19,13
14,48,70,57,62
93,80,13,71,42
56,88,45,33,81
12,11,65,18,56
95,20,73,81,53
98,63,12,84,57
30,58,48,98,16
37,87,10,86,87
56,23,55,25,90
52,81,90,59,89
83,27,77,83,41
72,92,96,61,92
96,50,44,95,63
13,29,10,48,63
45,71,86,98,81
39,88,98,77,18
30,57,88,37,34
16,69,83,37,95
13,78,63,73,82
80,84,87,55,30
Maths,Physics,English,Economics,Biology
98,36,36,42,71
58,50,89,98,18
61,42,53,18,80
80,16,91,62,68
38,56,94,91,56
28,18,56,11,86
48,71,41,91,45
34,87,76,10,71
15,69,92,99,92
72,49,42,35,75
14,66,90,34,64
24,92,41,94,92
93,53,14,24,97
17,51,80,49,48
55,26,50,70,34
31,68,78,25,50
90,99,63,46,76
49,58,26,57,97
86,80,86,11,66
38,27,32,40,48
92,11,74,59,84
18,78,31,61,31
22,75,88,88,28
50,69,30,57,87
70,41,38,83,94
49,54,31,62,34
71,24,65,72,67
73,20,48,15,82
46,88,48,85,13
38,29,70,49,40
Maths,Physics,English,Economics,Biology
10,86,24,39,86
45,41,45,36,74
86,46,82,90,64
62,17,33,68,97
63,42,93,40,75
81,42,92,73,17
37,94,40,64,90
39,15,81,97,62
67,41,98,16,56
96,90,85,19,78
30,92,78,96,85
55,96,94,25,45
53,79,15,41,85
72,18,45,72,20
42,88,81,50,98
40,19,97,18,55
51,75,25,76,31
14,48,95,58,93
11,31,37,33,81
71,98,74,89,10
33,50,25,96,22
86,78,23,65,10
81,52,41,83,66
94,82,42,36,17
76,51,93,24,73
12,25,65,30,32
77,91,92,89,39
65,80,13,22,79
72,63,19,21,13
57,74,65,92,37
Maths,Physics,English,Economics,Biology
12,81,65,42,90
67,34,75,73,54
74,41,91,65,99
47,59,36,35,73
22,42,23,68,69
40,20,25,42,62
87,87,53,70,95
33,87,65,20,43
32,72,89,74,32
95,13,63,26,50
52,28,72,85,11
48,65,83,53,34
76,64,54,40,23
16,62,88,55,67
86,11,93,25,66
86,67,19,19,13
54,77,32,77,44
84,75,42,80,22
30,65,79,23,53
95,81,10,49,61
37,95,39,57,96
96,90,51,88,31
78,27,89,35,27
88,86,33,20,71
73,62,19,75,80
82,48,93,77,18
57,32,98,73,96
15,46,40,19,88
37,72,99,27,36
80,41,23,89,79
Maths,Physics,English,Economics,Biology
77,24,19,14,85
79,53,48,42,67
87,20,91,95,44
49,99,93,21,75
94,80,89,80,39
31,11,39,14,77
11,69,23,40,84
47,51,74,63,67
13,57,67,34,37
51,25,20,73,28
50,82,60,49,48
54,32,10,53,65
20,95,72,82,14
30,56,85,14,35
61,65,22,11,55
28,98,21,55,51
42,73,63,70,56
38,68,57,90,95
93,37,28,67,86
44,63,55,60,66
52,89,65,74,65
58,44,66,12,38
64,97,91,50,68
18,37,65,14,28
20,61,85,61,39
37,12,22,47,44
62,31,13,50,42
44,88,66,26,50
20,28,42,20,71
60,16,50,17,98
Maths,Physics,English,Economics,Biology
90,75,65,19,51
18,88,33,46,59
45,54,37,74,65
82,63,25,34,63
33,68,26,35,67
66,35,52,56,57
41,24,66,63,45
78,24,57,88,19
50,22,71,68,38
83,79,94,51,47
38,86,98,61,79
91,92,98,31,23
31,41,76,10,88
58,42,85,36,32
69,79,92,19,35
32,61,91,59,36
81,66,55,72,43
13,14,63,81,46
85,27,21,74,57
53,59,37,44,93
61,83,31,40,33
64,34,89,97,75
83,78,43,58,45
91,58,61,94,61
72,40,34,34,40
99,27,77,91,74
56,39,53,84,17
92,71,37,62,49
92,58,72,94,33
90,22,98,90,55
Maths,Physics,English,Economics,Biology
32,70,17,36,54
29,97,37,71,41
55,63,81,12,85
76,20,47,47,91
69,73,55,12,31
45,26,26,21,34
19,88,91,20,48
39,38,95,84,98
93,95,94,29,16
10,17,16,63,69
34,43,56,42,27
14,55,22,14,70
55,32,80,39,39
93,29,90,50,40
24,57,65,37,52
35,66,67,88,34
50,26,15,84,57
16,10,47,12,96
86,52,74,48,23
17,61,75,83,97
33,89,18,82,14
89,28,43,22,99
47,97,16,88,22
70,63,47,80,51
46,57,40,59,73
45,80,99,77,91
37,11,77,78,35
77,10,26,66,95
55,54,66,41,34
61,10,91,43,73
Maths,Physics,English,Economics,Biology
91,90,96,71,35
91,78,31,69,42
52,50,60,48,95
56,68,48,76,53
12,70,86,14,49
73,76,83,85,29
79,13,47,27,32
49,40,12,76,16
84,36,16,11,37
79,56,14,18,55
26,75,86,31,38
21,42,61,49,60
44,48,96,42,81
93,58,67,14,18
66,21,34,35,85
73,38,35,80,51
35,65,88,19,27
39,87,26,68,50
86,83,50,70,75
13,83,46,90,20
99,90,24,97,25
69,95,34,88,56
14,24,51,62,41
77,15,94,94,88
31,46,63,64,16
60,57,88,13,89
96,21,35,48,36
12,65,95,76,30
86,53,54,35,11
25,37,61,54,91
Maths,Physics,English,Economics,Biology
90,29,69,12,79
95,74,65,96,77
58,85,50,35,95
71,39,60,77,63
65,11,46,41,55
77,76,52,51,40
26,42,71,29,50
60,43,99,14,18
48,31,12,21,70
78,53,76,41,94
73,73,91,17,26
87,16,91,58,65
78,77,40,18,51
90,18,21,35,72
98,71,93,67,52
29,20,34,72,17
21,16,93,74,74
31,98,58,29,73
12,40,40,90,59
83,86,97,41,55
27,73,42,91,78
42,31,11,54,80
32,30,33,47,88
16,30,11,78,11
49,52,63,32,80
99,45,42,58,32
69,29,54,96,12
20,66,26,43,90
95,91,20,60,68
32,42,74,76,99
Maths,Physics,English,Economics,Biology
27,71,72,74,25
23,22,34,74,42
77,94,15,98,31
65,67,30,21,99
97,67,51,86,18
59,44,84,69,52
43,56,40,55,90
69,93,58,66,60
86,53,38,23,34
21,14,61,94,40
72,50,79,22,79
38,94,42,24,44
35,59,40,58,65
61,34,39,10,61
65,53,43,12,50
87,64,58,97,88
99,75,66,31,52
31,93,45,66,43
62,26,69,19,40
36,26,30,92,90
97,72,64,36,47
45,72,67,27,28
43,96,35,98,54
82,58,70,51,79
88,79,25,15,24
19,60,32,43,68
26,96,72,98,64
19,36,80,34,65
17,87,31,71,28
17,77,22,31,84
Maths,Physics,English,Economics,Biology
15,38,50,41,78
59,12,94,62,57
29,18,25,54,67
35,90,87,38,30
73,25,95,43,10
26,77,62,10,24
56,83,71,74,22
41,85,94,83,10
43,85,75,75,86
75,52,98,76,59
73,27,82,70,67
52,60,75,66,68
72,91,91,21,69
70,22,39,29,59
25,53,38,18,74
20,24,63,68,30
89,93,52,65,66
10,75,62,81,89
14,14,84,75,66
38,93,73,19,39
93,35,78,69,19
52,38,45,14,71
27,27,40,74,11
31,94,31,14,44
72,26,39,63,73
99,54,16,17,16
35,99,69,41,91
99,52,39,72,83
68,19,22,14,23
29,60,45,81,40
Maths,Physics,English,Economics,Biology
41,10,25,19,31
60,68,14,98,13
39,42,66,95,49
17,15,16,83,13
59,20,46,56,68
44,98,36,56,95
31,81,22,82,51
38,21,74,88,36
10,12,43,93,22
88,43,59,86,74
36,76,34,25,70
41,69,23,62,17
55,34,99,33,99
54,98,15,79,80
46,48,68,22,33
34,14,38,57,98
54,59,42,52,65
76,97,97,62,11
92,70,53,39,21
96,65,68,73,53
96,82,30,13,31
93,78,43,55,14
78,39,86,88,83
91,97,32,93,67
76,46,49,98,42
48,29,99,89,72
40,75,84,41,67
52,75,31,95,50
79,96,40,11,88
67,19,62,71,90
Maths,Physics,English,Economics,Biology
57,95,70,64,87
84,37,91,22,44
96,38,87,15,64
93,90,87,10,82
33,44,55,27,82
25,96,77,46,56
49,59,53,34,34
99,24,47,69,83
61,68,67,25,78
44,98,30,64,62
16,71,12,22,69
40,37,97,35,29
63,87,50,43,77
83,17,48,83,33
61,66,23,87,42
12,48,56,89,80
99,79,96,49,65
41,85,58,68,69
26,30,73,48,71
35,44,58,88,52
26,52,57,32,26
52,48,62,62,89
53,55,96,26,38
56,42,36,73,21
28,76,70,35,92
54,17,39,36,66
70,59,62,20,93
16,86,71,24,83
74,79,48,78,56
31,90,82,58,89
Maths,Physics,English,Economics,Biology
85,35,79,11,84
62,44,72,66,22
68,96,42,21,20
29,75,12,97,58
79,76,22,63,59
72,54,47,42,42
16,46,60,39,28
47,97,96,42,56
80,79,59,32,28
84,54,13,17,66
32,21,74,95,74
65,55,36,59,70
93,65,17,82,94
35,88,70,35,62
97,71,55,80,17
34,65,72,73,85
35,99,64,53,58
19,21,20,27,22
46,89,71,44,22
50,40,81,46,55
70,99,79,58,19
19,25,42,35,75
51,71,25,32,22
67,12,35,17,74
54,11,16,41,89
31,20,78,66,41
91,75,17,97,31
50,54,57,89,41
43,25,57,36,69
80,11,14,12,94
Maths,Physics,English,Economics,Biology
76,95,37,38,48
22,16,88,93,49
10,13,55,22,80
63,73,61,46,90
49,80,61,33,48
14,16,39,72,89
11,90,89,11,18
17,53,13,35,10
99,50,66,77,51
74,22,84,12,89
28,35,11,76,47
89,58,99,81,50
86,39,11,80,59
62,94,15,65,39
20,86,86,60,26
32,77,31,75,98
71,85,57,65,91
35,31,25,84,27
94,35,86,54,11
63,90,75,82,23
61,18,88,62,34
73,19,31,34,61
69,75,40,48,19
45,31,83,56,67
81,14,79,30,44
18,77,63,58,87
71,40,73,89,73
41,78,87,97,93
22,77,59,31,81
50,96,39,79,96
Maths,Physics,English,Economics,Biology
28,32,25,13,75
52,37,11,73,32
15,95,76,52,73
23,22,67,66,33
23,62,27,35,44
96,67,83,72,38
62,25,28,61,63
66,73,58,49,19
37,67,60,66,18
60,88,31,79,63
14,34,19,49,27
22,57,52,31,88
29,46,47,73,38
80,36,57,59,61
42,26,78,64,98
61,85,85,76,58
98,48,54,49,93
73,27,14,54,92
59,56,39,94,20
51,80,59,72,78
26,15,57,28,11
14,88,15,97,50
83,44,55,52,78
26,11,38,85,18
58,23,61,30,91
52,14,80,32,19
88,85,65,43,56
99,65,59,16,75
24,20,92,99,49
65,40,93,24,56
Maths,Physics,English,Economics,Biology
51,78,78,14,54
16,93,86,44,68
16,45,79,52,44
60,49,63,30,44
91,77,63,92,22
30,85,15,39,36
28,97,10,71,90
88,36,16,90,15
75,61,62,81,77
33,87,70,75,10
79,59,13,12,31
99,91,56,31,61
27,31,82,69,25
32,66,48,41,73
69,90,16,54,84
85,22,23,71,63
97,34,91,14,47
63,35,86,87,17
86,12,29,17,46
10,77,86,53,55
87,92,68,31,99
77,22,85,36,51
86,83,56,49,61
57,56,92,93,69
20,24,14,41,96
14,83,56,66,33
28,16,45,72,52
96,17,90,70,14
76,79,50,89,17
58,88,88,80,92
Maths,Physics,English,Economics,Biology
76,54,17,76,50
22,74,70,95,49
14,56,70,21,97
92,96,30,58,71
30,73,98,21,22
76,89,75,71,22
70,48,43,15,92
11,48,18,61,20
52,91,48,43,94
91,38,42,84,29
91,66,90,78,43
90,16,95,81,24
66,87,25,54,46
33,95,76,35,18
68,77,21,36,23
54,59,92,30,27
17,76,20,92,37
96,33,12,15,24
92,62,46,33,31
12,77,81,58,18
77,41,25,34,95
42,20,49,16,32
25,93,86,98,71
49,14,81,39,49
68,31,69,69,18
72,88,15,98,23
54,14,56,13,19
71,86,13,29,15
36,68,74,23,31
51,34,84,93,12
Maths,Physics,English,Economics,Biology
75,86,56,75,96
61,94,76,53,27
78,54,21,41,78
32,74,66,73,46
91,53,70,37,72
82,77,25,17,52
53,40,76,93,25
82,54,51,41,76
67,34,29,38,41
42,65,58,80,80
12,12,68,37,84
76,55,75,54,31
83,39,19,98,60
13,92,52,28,56
71,61,56,21,21
34,96,32,23,23
20,42,38,28,12
61,72,15,36,60
90,43,71,36,81
34,78,35,49,68
35,11,26,98,19
98,92,10,64,82
78,56,49,50,30
94,67,66,45,10
88,60,43,42,38
52,12,63,31,11
62,13,40,30,33
44,47,65,72,58
33,95,16,39,47
41,65,58,75,59
Maths,Physics,English,Economics,Biology
65,46,12,33,17
84,10,57,15,41
94,44,75,32,62
88,29,89,12,62
99,12,65,41,40
82,54,54,61,63
48,18,99,54,34
14,26,83,18,74
75,15,29,36,71
29,55,90,50,25
42,57,94,49,97
46,61,72,59,37
61,35,34,25,58
95,80,80,80,70
25,69,35,42,44
17,37,28,14,79
12,91,23,65,46
37,60,38,80,41
31,57,76,25,22
36,40,63,38,34
90,28,63,80,26
87,10,46,38,96
23,92,13,21,36
32,14,12,97,74
53,99,55,34,67
68,73,38,22,55
73,91,40,80,17
32,11,64,92,74
84,26,40,95,74
57,27,17,99,37
Maths,Physics,English,Economics,Biology
43,15,35,70,66
48,97,93,96,12
64,10,19,94,73
73,59,46,33,55
26,43,83,90,52
60,51,43,89,54
83,34,33,97,88
82,47,89,86,14
43,32,92,64,99
61,85,64,26,74
66,79,86,73,14
41,95,65,30,81
45,87,51,94,61
17,81,28,91,83
40,46,71,55,69
97,59,10,41,70
17,37,11,30,45
60,53,79,88,11
47,28,67,21,60
81,91,30,62,75
81,39,60,70,87
86,44,99,58,20
92,55,99,52,30
58,85,33,64,29
97,83,55,51,49
11,50,81,62,68
40,24,17,88,21
54,73,88,21,98
13,61,99,37,88
70,90,93,90,53
Maths,Physics,English,Economics,Biology
93,31,51,69,55
18,99,88,36,94
96,60,22,34,70
28,40,83,71,10
49,77,80,52,32
45,41,94,42,71
37,78,47,50,31
91,86,34,88,77
34,63,56,54,92
27,96,24,42,24
45,32,81,44,99
76,56,78,52,98
50,38,66,57,47
72,35,82,21,51
84,99,58,72,83
68,98,91,30,26
12,77,75,89,28
20,69,75,95,87
32,16,80,28,65
98,57,49,70,37
65,63,43,37,28
16,72,35,72,22
15,97,98,67,74
88,62,58,49,12
36,95,25,62,26
91,97,48,21,21
77,52,59,25,84
25,11,92,96,76
49,15,20,80,33
33,10,14,68,35
Maths,Physics,English,Economics,Biology
30,34,37,35,84
32,16,73,11,17
13,98,77,36,23
22,75,60,69,51
84,34,80,94,44
30,87,52,52,89
49,36,79,33,45
39,18,22,27,56
55,32,92,63,82
87,53,48,32,40
72,61,53,70,89
95,90,88,75,75
58,51,96,57,33
95,76,42,88,19
85,79,56,95,39
57,59,82,87,69
17,63,40,60,43
10,84,14,49,96
55,75,71,83,43
98,50,39,34,82
55,13,17,68,91
45,21,21,84,41
33,60,58,74,66
89,74,20,51,78
20,94,59,87,60
48,60,21,30,63
65,84,79,93,64
36,96,19,82,42
56,12,79,32,60
30,94,22,61,93
Maths,Physics,English,Economics,Biology
85,72,16,13,76
50,73,15,27,20
42,82,95,21,78
91,16,96,86,63
72,86,28,32,41
82,99,54,90,24
75,68,53,90,90
85,44,55,74,27
91,20,87,66,18
99,37,63,50,93
28,94,46,38,76
11,66,62,74,69
98,92,45,13,45
80,70,43,47,65
10,87,25,88,55
52,97,24,95,33
81,96,79,73,52
14,44,76,32,75
50,26,94,35,27
34,29,55,50,59
21,42,63,40,21
19,88,41,11,64
43,33,46,68,47
10,35,53,13,47
86,65,27,82,97
54,87,69,65,90
83,61,13,48,81
79,47,49,81,28
50,56,37,75,90
90,57,26,22,85
Maths,Physics,English,Economics,Biology
99,27,27,81,31
54,84,28,50,84
35,52,86,99,23
50,92,38,74,95
57,78,52,15,16
37,73,97,25,32
12,97,18,14,44
23,98,54,79,74
88,82,20,28,38
15,74,90,22,25
11,37,24,33,83
82,62,47,42,45
79,49,11,87,97
14,68,52,29,17
84,91,30,93,11
29,45,38,19,63
31,37,77,69,35
47,30,17,99,16
19,45,97,30,93
41,44,17,75,64
22,59,12,29,77
70,88,41,76,84
22,91,42,90,91
13,17,54,25,25
52,35,57,90,94
39,60,79,78,58
28,94,18,98,34
73,52,15,79,24
22,58,34,11,97
55,79,10,86,63
Maths,Physics,English,Economics,Biology
57,76,14,14,52
15,18,43,59,67
16,67,41,58,29
41,84,79,83,74
97,67,95,71,63
49,36,36,73,96
20,44,61,45,56
37,84,74,83,21
16,93,68,22,29
85,61,23,12,70
13,13,65,65,21
64,75,34,52,10
11,89,92,22,21
64,96,23,41,78
92,68,82,93,44
87,33,22,33,55
63,97,24,77,60
11,30,59,98,64
12,88,35,94,55
44,73,85,60,87
34,63,20,96,91
29,73,19,73,60
76,30,27,37,33
43,87,50,20,43
16,10,60,23,23
86,40,84,75,59
80,93,55,27,50
44,95,49,36,54
12,60,47,86,12
21,62,99,49,59
Maths,Physics,English,Economics,Biology
24,85,51,63,81
40,90,39,36,13
27,60,29,24,57
47,89,86,20,81
84,46,53,48,78
97,13,81,64,35
57,24,23,23,37
22,95,57,38,25
77,86,48,86,74
29,32,31,72,85
13,54,75,47,20
72,99,43,93,40
52,72,51,80,13
11,53,72,34,84
40,54,69,43,55
71,85,68,31,27
35,65,76,85,85
63,59,38,84,56
67,68,95,68,27
40,12,73,34,10
91,49,19,68,37
93,26,65,95,79
19,91,60,64,81
18,85,73,24,54
47,91,56,88,98
12,83,28,77,68
77,87,46,74,71
47,56,29,86,75
91,38,13,68,73
33,65,47,18,76
Maths,Physics,English,Economics,Biology
86,70,26,52,74
99,29,15,36,79
45,40,72,67,63
75,36,87,15,24
96,50,19,92,83
67,38,81,80,81
55,21,14,55,52
17,40,29,49,78
55,67,25,37,93
77,11,15,91,49
69,73,28,11,74
82,34,44,78,51
28,60,93,81,10
11,35,22,28,23
28,92,92,49,19
59,69,23,51,76
31,72,27,17,56
98,82,81,61,65
51,14,50,51,99
73,67,16,85,33
21,53,30,28,47
87,62,84,22,65
81,98,67,30,94
60,41,68,38,90
71,27,34,72,23
96,64,81,27,84
82,89,48,67,26
67,95,39,62,43
74,21,76,19,38
55,39,96,22,21
Maths,Physics,English,Economics,Biology
60,15,10,31,23
56,36,57,76,83
78,96,49,94,68
55,77,60,76,14
60,20,20,59,16
17,30,72,12,28
11,48,38,33,55
18,95,16,50,43
26,13,88,10,55
78,71,31,84,76
67,38,82,53,16
25,32,58,65,56
21,53,70,55,27
31,80,52,35,98
19,43,31,44,27
12,64,66,20,52
61,88,13,91,36
11,67,80,47,36
54,66,91,98,77
21,45,84,57,90
49,70,36,59,16
30,45,12,37,93
49,72,50,87,60
62,48,90,78,32
13,72,33,13,86
40,84,97,98,62
91,91,22,15,23
33,74,72,42,69
10,92,64,18,74
35,46,90,79,17
Maths,Physics,English,Economics,Biology
38,62,28,15,98
83,78,38,15,85
24,32,68,98,80
61,33,75,73,54
95,38,98,74,13
29,12,68,82,72
13,85,86,11,23
70,45,73,57,65
90,93,94,40,67
46,19,47,85,69
70,67,89,55,32
84,94,35,18,52
76,68,18,77,36
36,26,31,65,86
64,36,66,95,81
82,53,81,30,42
18,82,36,58,35
28,44,55,73,78
83,22,80,41,10
81,51,93,91,70
83,63,82,47,42
22,64,96,50,33
54,56,96,77,36
67,47,54,78,64
92,15,18,69,21
72,28,99,75,35
77,96,61,39,29
27,79,84,26,23
50,46,86,14,27
46,83,49,65,62
Maths,Physics,English,Economics,Biology
89,73,64,49,54
94,45,93,18,90
98,96,65,98,19
21,60,66,91,33
36,95,66,24,76
53,27,39,34,21
60,41,68,24,42
90,51,21,97,98
67,94,49,48,38
92,60,63,75,68
23,97,14,81,43
54,12,92,52,82
47,44,79,59,46
52,83,22,32,24
66,47,99,57,64
52,14,66,44,28
24,57,21,32,16
12,59,50,86,70
53,62,25,90,42
40,84,43,21,90
25,83,12,26,96
69,73,75,10,73
94,76,55,95,91
41,20,65,56,97
93,96,58,73,47
94,85,90,69,87
77,76,32,85,87
47,61,53,33,87
22,58,85,98,46
43,96,87,47,99
Maths,Physics,English,Economics,Biology
68,84,99,94,82
75,63,53,65,19
17,90,30,75,53
92,78,49,68,62
86,51,18,98,14
20,79,97,99,29
10,27,76,25,71
39,82,49,85,19
54,80,11,25,50
87,28,65,67,65
82,93,82,52,11
66,36,78,63,13
85,65,81,51,24
39,11,12,55,39
27,95,20,22,48
97,89,51,55,27
83,60,87,28,38
11,95,36,29,43
60,62,70,64,10
42,15,12,42,75
20,36,79,19,91
22,79,63,31,83
86,89,48,23,28
25,32,25,78,56
66,19,57,51,17
59,59,82,22,93
42,76,32,74,78
20,92,83,15,76
53,68,89,43,93
78,15,77,66,40
Maths,Physics,English,Economics,Biology
18,43,98,52,35
55,61,60,57,15
82,63,32,65,93
29,97,79,79,93
23,28,51,43,46
29,17,46,43,84
44,96,66,59,54
57,49,75,71,17
93,21,60,67,84
92,28,38,99,95
36,40,53,59,38
60,50,11,45,42
50,93,13,89,80
28,52,65,45,39
56,92,25,42,70
35,74,24,44,39
58,53,52,94,44
72,52,58,44,95
34,48,10,37,33
12,45,93,74,28
19,21,27,97,41
26,55,97,20,65
63,80,48,68,63
45,30,22,94,19
43,16,98,51,75
20,72,84,34,62
17,47,25,94,45
68,40,89,71,68
75,96,77,63,92
67,25,31,58,17
Maths,Physics,English,Economics,Biology
63,93,30,40,99
49,28,92,59,71
53,22,43,23,76
20,58,95,78,88
54,81,86,40,15
42,92,58,23,58
49,96,77,52,71
19,38,41,68,50
80,71,45,20,24
25,55,89,60,16
83,36,32,88,37
84,86,46,24,86
51,35,56,39,40
40,77,58,71,24
56,82,29,39,57
65,81,23,10,21
97,81,94,23,67
65,76,93,46,50
13,85,61,17,19
36,36,91,93,31
99,36,63,36,41
17,74,18,35,75
58,90,13,72,60
95,22,91,35,94
27,38,42,78,90
45,91,36,18,90
40,71,54,56,14
60,90,45,46,99
68,40,54,50,95
83,76,35,32,34
Maths,Physics,English,Economics,Biology
72,96,55,13,68
47,78,59,48,40
71,54,91,40,25
89,21,27,21,28
73,41,91,30,10
57,41,35,23,21
32,10,46,33,25
21,23,63,12,89
51,85,20,26,14
37,12,29,35,61
91,69,85,46,65
80,25,80,74,30
12,97,64,50,56
10,62,83,38,87
74,66,13,41,70
72,40,43,82,76
29,35,69,18,47
75,44,17,82,45
52,23,18,42,43
24,61,76,87,45
30,85,38,16,10
64,43,85,56,26
49,93,70,35,18
95,88,71,57,53
39,29,76,88,39
70,15,54,18,90
42,29,87,42,96
97,25,99,17,12
47,51,19,94,92
76,42,69,11,11
Maths,Physics,English,Economics,Biology
72,78,88,79,92
14,19,10,97,16
40,44,87,64,24
64,74,60,73,11
41,55,57,82,17
73,43,55,32,31
23,14,93,81,84
19,43,35,10,70
88,89,81,34,14
99,44,10,18,65
61,27,84,49,86
46,30,26,48,85
32,63,46,59,24
83,83,85,19,50
73,23,89,26,73
46,86,69,16,33
75,25,51,53,88
17,57,91,73,88
39,38,18,29,16
72,10,13,87,22
30,70,63,25,82
73,59,73,37,69
66,70,14,88,95
86,67,59,44,72
75,36,94,76,92
63,10,45,87,19
77,82,24,15,99
73,96,20,62,14
17,31,57,93,79
91,11,87,77,53
Maths,Physics,English,Economics,Biology
51,77,61,10,32
10,12,72,73,63
31,64,20,42,91
85,76,65,38,43
68,11,79,70,77
46,87,26,70,36
10,57,65,46,71
12,65,51,23,27
92,28,36,18,27
83,35,31,90,64
55,23,93,33,42
17,66,53,40,68
62,15,63,72,32
70,66,33,15,44
96,90,51,93,88
53,62,17,12,40
57,35,46,51,59
73,52,16,48,44
15,67,99,95,28
61,77,50,22,59
89,47,77,46,24
64,48,11,46,46
64,27,51,25,55
97,10,26,64,14
61,37,20,77,74
31,88,93,50,67
79,26,70,69,75
19,52,36,48,22
55,95,30,67,62
68,90,90,58,69
Maths,Physics,English,Economics,Biology
35,31,27,89,59
18,39,34,52,50
84,98,38,70,88
68,85,15,18,24
75,41,34,86,68
35,43,41,40,60
13,87,68,83,53
31,21,94,62,75
42,17,83,31,91
49,91,48,89,89
39,84,29,84,89
34,99,18,24,40
22,40,72,51,23
93,71,77,96,90
79,72,47,59,57
54,46,73,12,16
63,36,56,45,85
29,89,75,42,33
78,17,63,68,70
49,28,43,22,27
76,96,56,51,40
77,13,69,35,92
56,42,93,96,58
23,62,13,30,34
76,90,59,38,77
49,41,68,91,19
47,98,34,12,76
29,58,42,50,23
70,70,86,58,32
59,61,66,35,16
Maths,Physics,English,Economics,Biology
24,88,58,64,41
55,69,30,39,55
94,91,99,36,60
89,63,24,93,49
69,52,85,68,30
95,10,76,75,35
98,73,37,28,12
32,69,61,41,44
68,40,42,16,94
82,26,76,38,95
63,73,16,77,67
83,36,69,21,25
50,19,55,99,31
65,65,98,27,23
91,63,17,45,13
68,66,10,64,54
26,76,36,68,76
24,53,34,50,87
14,12,55,29,57
80,13,30,16,71
20,55,48,56,45
19,67,81,25,67
68,84,39,35,99
21,18,84,48,38
79,79,73,21,34
79,17,70,65,82
59,21,27,14,88
76,96,75,97,64
57,64,93,11,98
56,92,12,60,16
Maths,Physics,English,Economics,Biology
25,14,83,94,66
97,27,83,77,12
61,40,10,72,68
53,88,53,17,75
58,82,54,71,87
75,11,78,39,31
85,43,50,45,80
97,59,65,64,31
43,83,21,99,29
85,84,17,71,62
71,40,79,86,13
11,43,84,11,65
70,28,37,89,60
90,42,75,97,70
24,88,10,29,42
78,49,57,32,59
26,13,12,14,63
77,86,50,76,79
49,68,53,40,98
13,25,87,34,99
27,62,14,18,64
25,52,48,82,69
37,90,51,89,89
58,91,30,19,50
13,32,22,62,58
64,10,53,72,13
33,68,95,95,28
49,33,94,26,23
94,20,10,54,16
39,74,47,28,98
